{
  "box1_위": {
    "w": 0.20000000298023224,
    "d": 0.20000000298023224,
    "h": 0.10000000149011612
  },
  "box3_위": {
    "w": 0.25,
    "d": 0.25,
    "h": 0.15000000596046448
  },
  "box5_위": {
    "w": 0.30000001192092896,
    "d": 0.30000001192092896,
    "h": 0.20000000298023224
  }
}